Workbook

Sheet 8760_Profile
A1: Timestamp | B1: Date | C1: Month No. | D1: Month | E1: Season | F1: Day Type | G1: Hour | H1: Daily Min (MVA) | I1: Daily Max (MVA) | J1: Shape Index (0-1) | K1: Reconstructed Load (MVA) | L1: Load at PF 0.98 (MW) | M1: Summer Low Load Window Flag | N1: SAM Limit Unconstrained (MW) | O1: SAM Limit CA Moderate (MW) | P1: SAM Limit CA Severe (MW) | Q1: Potential Curtailment at Full PV, Moderate (MW) | R1: Potential Curtailment at Full PV, Severe (MW)
A2: 44562 | B2: 44562 | C2: 1 | D2: Jan | E2: Summer | F2: Sat | G2: 0 | H2: 4.223 | I2: 25.432 | J2: 0.7333 | K2: 19.776 | L2: =K2*Inputs!$B$5 -> 19.38048 | M2: =IF(AND(OR(C2=1,C2=2,C2=12),G2>=Inputs!$B$8,G2<=Inputs!$B$9,K2<=Inputs!$B$10),1,0) -> 0 | N2: =Inputs!$B$4 -> 54.992 | O2: =IF(M2=1,Inputs!$B$6,Inputs!$B$4) -> 54.992 | P2: =IF(M2=1,Inputs!$B$7,Inputs!$B$4) -> 54.992 | Q2: =MAX(0,Inputs!$B$4-O2) -> 0 | R2: =MAX(0,Inputs!$B$4-P2) -> 0
A3: 44562.042 | B3: 44562 | C3: 1 | D3: Jan | E3: Summer | F3: Sat | G3: 1 | H3: 4.223 | I3: 25.432 | J3: 0.8 | K3: 21.19 | L3: =K3*Inputs!$B$5 -> 20.7662 | M3: =IF(AND(OR(C3=1,C3=2,C3=12),G3>=Inputs!$B$8,G3<=Inputs!$B$9,K3<=Inputs!$B$10),1,0) -> 0 | N3: =Inputs!$B$4 -> 54.992 | O3: =IF(M3=1,Inputs!$B$6,Inputs!$B$4) -> 54.992 | P3: =IF(M3=1,Inputs!$B$7,Inputs!$B$4) -> 54.992 | Q3: =MAX(0,Inputs!$B$4-O3) -> 0 | R3: =MAX(0,Inputs!$B$4-P3) -> 0
A4: 44562.083 | B4: 44562 | C4: 1 | D4: Jan | E4: Summer | F4: Sat | G4: 2 | H4: 4.223 | I4: 25.432 | J4: 0.8667 | K4: 22.604 | L4: =K4*Inputs!$B$5 -> 22.15192 | M4: =IF(AND(OR(C4=1,C4=2,C4=12),G4>=Inputs!$B$8,G4<=Inputs!$B$9,K4<=Inputs!$B$10),1,0) -> 0 | N4: =Inputs!$B$4 -> 54.992 | O4: =IF(M4=1,Inputs!$B$6,Inputs!$B$4) -> 54.992 | P4: =IF(M4=1,Inputs!$B$7,Inputs!$B$4) -> 54.992 | Q4: =MAX(0,Inputs!$B$4-O4) -> 0 | R4: =MAX(0,Inputs!$B$4-P4) -> 0
A5: 44562.125 | B5: 44562 | C5: 1 | D5: Jan | E5: Summer | F5: Sat | G5: 3 | H5: 4.223 | I5: 25.432 | J5: 0.9333 | K5: 24.018 | L5: =K5*Inputs!$B$5 -> 23.53764 | M5: =IF(AND(OR(C5=1,C5=2,C5=12),G5>=Inputs!$B$8,G5<=Inputs!$B$9,K5<=Inputs!$B$10),1,0) -> 0 | N5: =Inputs!$B$4 -> 54.992 | O5: =IF(M5=1,Inputs!$B$6,Inputs!$B$4) -> 54.992 | P5: =IF(M5=1,Inputs!$B$7,Inputs!$B$4) -> 54.992 | Q5: =MAX(0,Inputs!$B$4-O5) -> 0 | R5: =MAX(0,Inputs!$B$4-P5) -> 0
A6: 44562.167 | B6: 44562 | C6: 1 | D6: Jan | E6: Summer | F6: Sat | G6: 4 | H6: 4.223 | I6: 25.432 | J6: 1 | K6: 25.432 | L6: =K6*Inputs!$B$5 -> 24.92336 | M6: =IF(AND(OR(C6=1,C6=2,C6=12),G6>=Inputs!$B$8,G6<=Inputs!$B$9,K6<=Inputs!$B$10),1,0) -> 0 | N6: =Inputs!$B$4 -> 54.992 | O6: =IF(M6=1,Inputs!$B$6,Inputs!$B$4) -> 54.992 | P6: =IF(M6=1,Inputs!$B$7,Inputs!$B$4) -> 54.992 | Q6: =MAX(0,Inputs!$B$4-O6) -> 0 | R6: =MAX(0,Inputs!$B$4-P6) -> 0
A7: 44562.208 | B7: 44562 | C7: 1 | D7: Jan | E7: Summer | F7: Sat | G7: 5 | H7: 4.223 | I7: 25.432 | J7: 0.9333 | K7: 24.018 | L7: =K7*Inputs!$B$5 -> 23.53764 | M7: =IF(AND(OR(C7=1,C7=2,C7=12),G7>=Inputs!$B$8,G7<=Inputs!$B$9,K7<=Inputs!$B$10),1,0) -> 0 | N7: =Inputs!$B$4 -> 54.992 | O7: =IF(M7=1,Inputs!$B$6,Inputs!$B$4) -> 54.992 | P7: =IF(M7=1,Inputs!$B$7,Inputs!$B$4) -> 54.992 | Q7: =MAX(0,Inputs!$B$4-O7) -> 0 | R7: =MAX(0,Inputs!$B$4-P7) -> 0
A8: 44562.25 | B8: 44562 | C8: 1 | D8: Jan | E8: Summer | F8: Sat | G8: 6 | H8: 4.223 | I8: 25.432 | J8: 0.8 | K8: 21.19 | L8: =K8*Inputs!$B$5 -> 20.7662 | M8: =IF(AND(OR(C8=1,C8=2,C8=12),G8>=Inputs!$B$8,G8<=Inputs!$B$9,K8<=Inputs!$B$10),1,0) -> 0 | N8: =Inputs!$B$4 -> 54.992 | O8: =IF(M8=1,Inputs!$B$6,Inputs!$B$4) -> 54.992 | P8: =IF(M8=1,Inputs!$B$7,Inputs!$B$4) -> 54.992 | Q8: =MAX(0,Inputs!$B$4-O8) -> 0 | R8: =MAX(0,Inputs!$B$4-P8) -> 0
A9: 44562.292 | B9: 44562 | C9: 1 | D9: Jan | E9: Summer | F9: Sat | G9: 7 | H9: 4.223 | I9: 25.432 | J9: 0.6667 | K9: 18.362 | L9: =K9*Inputs!$B$5 -> 17.99476 | M9: =IF(AND(OR(C9=1,C9=2,C9=12),G9>=Inputs!$B$8,G9<=Inputs!$B$9,K9<=Inputs!$B$10),1,0) -> 0 | N9: =Inputs!$B$4 -> 54.992 | O9: =IF(M9=1,Inputs!$B$6,Inputs!$B$4) -> 54.992 | P9: =IF(M9=1,Inputs!$B$7,Inputs!$B$4) -> 54.992 | Q9: =MAX(0,Inputs!$B$4-O9) -> 0 | R9: =MAX(0,Inputs!$B$4-P9) -> 0
A10: 44562.333 | B10: 44562 | C10: 1 | D10: Jan | E10: Summer | F10: Sat | G10: 8 | H10: 4.223 | I10: 25.432 | J10: 0.3333 | K10: 11.293 | L10: =K10*Inputs!$B$5 -> 11.06714 | M10: =IF(AND(OR(C10=1,C10=2,C10=12),G10>=Inputs!$B$8,G10<=Inputs!$B$9,K10<=Inputs!$B$10),1,0) -> 0 | N10: =Inputs!$B$4 -> 54.992 | O10: =IF(M10=1,Inputs!$B$6,Inputs!$B$4) -> 54.992 | P10: =IF(M10=1,Inputs!$B$7,Inputs!$B$4) -> 54.992 | Q10: =MAX(0,Inputs!$B$4-O10) -> 0 | R10: =MAX(0,Inputs!$B$4-P10) -> 0
A11: 44562.375 | B11: 44562 | C11: 1 | D11: Jan | E11: Summer | F11: Sat | G11: 9 | H11: 4.223 | I11: 25.432 | J11: 0.1667 | K11: 7.758 | L11: =K11*Inputs!$B$5 -> 7.60284 | M11: =IF(AND(OR(C11=1,C11=2,C11=12),G11>=Inputs!$B$8,G11<=Inputs!$B$9,K11<=Inputs!$B$10),1,0) -> 0 | N11: =Inputs!$B$4 -> 54.992 | O11: =IF(M11=1,Inputs!$B$6,Inputs!$B$4) -> 54.992 | P11: =IF(M11=1,Inputs!$B$7,Inputs!$B$4) -> 54.992 | Q11: =MAX(0,Inputs!$B$4-O11) -> 0 | R11: =MAX(0,Inputs!$B$4-P11) -> 0
A12: 44562.417 | B12: 44562 | C12: 1 | D12: Jan | E12: Summer | F12: Sat | G12: 10 | H12: 4.223 | I12: 25.432 | J12: 0 | K12: 4.223 | L12: =K12*Inputs!$B$5 -> 4.13854 | M12: =IF(AND(OR(C12=1,C12=2,C12=12),G12>=Inputs!$B$8,G12<=Inputs!$B$9,K12<=Inputs!$B$10),1,0) -> 1 | N12: =Inputs!$B$4 -> 54.992 | O12: =IF(M12=1,Inputs!$B$6,Inputs!$B$4) -> 45 | P12: =IF(M12=1,Inputs!$B$7,Inputs!$B$4) -> 35 | Q12: =MAX(0,Inputs!$B$4-O12) -> 9.992 | R12: =MAX(0,Inputs!$B$4-P12) -> 19.992
A13: 44562.458 | B13: 44562 | C13: 1 | D13: Jan | E13: Summer | F13: Sat | G13: 11 | H13: 4.223 | I13: 25.432 | J13: 0.0333 | K13: 4.93 | L13: =K13*Inputs!$B$5 -> 4.8314 | M13: =IF(AND(OR(C13=1,C13=2,C13=12),G13>=Inputs!$B$8,G13<=Inputs!$B$9,K13<=Inputs!$B$10),1,0) -> 1 | N13: =Inputs!$B$4 -> 54.992 | O13: =IF(M13=1,Inputs!$B$6,Inputs!$B$4) -> 45 | P13: =IF(M13=1,Inputs!$B$7,Inputs!$B$4) -> 35 | Q13: =MAX(0,Inputs!$B$4-O13) -> 9.992 | R13: =MAX(0,Inputs!$B$4-P13) -> 19.992
... A17: 44562.625 | B17: 44562 | C17: 1 | D17: Jan | E17: Summer | F17: Sat | G17: 15 | H17: 4.223 | I17: 25.432 | J17: 0.1333 | K17: 7.051 | L17: =K17*Inputs!$B$5 -> 6.90998 | M17: =IF(AND(OR(C17=1,C17=2,C17=12),G17>=Inputs!$B$8,G17<=Inputs!$B$9,K17<=Inputs!$B$10),1,0) -> 0 | N17: =Inputs!$B$4 -> 54.992 | O17: =IF(M17=1,Inputs!$B$6,Inputs!$B$4) -> 54.992 | P17: =IF(M17=1,Inputs!$B$7,Inputs!$B$4) -> 54.992 | Q17: =MAX(0,Inputs!$B$4-O17) -> 0 | R17: =MAX(0,Inputs!$B$4-P17) -> 0
A18: 44562.667 | B18: 44562 | C18: 1 | D18: Jan | E18: Summer | F18: Sat | G18: 16 | H18: 4.223 | J18: 0.0667 | K18: 5.637 | L18: =K18*Inputs!$B$5 -> 5.52426 | M18: =IF(AND(OR(C18=1,C18=2,C18=12),G18>=Inputs!$B$8,G18<=Inputs!$B$9,K18<=Inputs!$B$10),1,0) -> 1 | N18: =Inputs!$B$4 -> 54.992 | O18: =IF(M18=1,Inputs!$B$6,Inputs!$B$4) -> 45 | P18: =IF(M18=1,Inputs!$B$7,Inputs!$B$4) -> 35 | Q18: =MAX(0,Inputs!$B$4-O18) -> 9.992 | R18: =MAX(0,Inputs!$B$4-P18) -> 19.992
A19: 44562.708 | B19: 44562 | C19: 1 | D19: Jan | E19: Summer | F19: Sat | G19: 17 | H19: 4.223 | I19: 25.432 | J19: 0.0667 | K19: 5.637 | L19: =K19*Inputs!$B$5 -> 5.52426 | M19: =IF(AND(OR(C19=1,C19=2,C19=12),G19>=Inputs!$B$8,G19<=Inputs!$B$9,K19<=Inputs!$B$10),1,0) -> 1 | N19: =Inputs!$B$4 -> 54.992 | O19: =IF(M19=1,Inputs!$B$6,Inputs!$B$4) -> 45 | P19: =IF(M19=1,Inputs!$B$7,Inputs!$B$4) -> 35 | Q19: =MAX(0,Inputs!$B$4-O19) -> 9.992 | R19: =MAX(0,Inputs!$B$4-P19) -> 19.992
A20: 44562.75 | B20: 44562 | C20: 1 | D20: Jan | E20: Summer | F20: Sat | G20: 18 | H20: 4.223 | I20: 25.432 | J20: 0.0667 | K20: 5.637 | L20: =K20*Inputs!$B$5 -> 5.52426 | M20: =IF(AND(OR(C20=1,C20=2,C20=12),G20>=Inputs!$B$8,G20<=Inputs!$B$9,K20<=Inputs!$B$10),1,0) -> 0 | N20: =Inputs!$B$4 -> 54.992 | O20: =IF(M20=1,Inputs!$B$6,Inputs!$B$4) -> 54.992 | P20: =IF(M20=1,Inputs!$B$7,Inputs!$B$4) -> 54.992 | Q20: =MAX(0,Inputs!$B$4-O20) -> 0 | R20: =MAX(0,Inputs!$B$4-P20) -> 0
A21: 44562.792 | B21: 44562 | C21: 1 | D21: Jan | E21: Summer | F21: Sat | G21: 19 | H21: 4.223 | I21: 25.432 | J21: 0.1 | K21: 6.344 | L21: =K21*Inputs!$B$5 -> 6.21712 | M21: =IF(AND(OR(C21=1,C21=2,C21=12),G21>=Inputs!$B$8,G21<=Inputs!$B$9,K21<=Inputs!$B$10),1,0) -> 0 | N21: =Inputs!$B$4 -> 54.992 | O21: =IF(M21=1,Inputs!$B$6,Inputs!$B$4) -> 54.992 | P21: =IF(M21=1,Inputs!$B$7,Inputs!$B$4) -> 54.992 | Q21: =MAX(0,Inputs!$B$4-O21) -> 0 | R21: =MAX(0,Inputs!$B$4-P21) -> 0
A22: 44562.833 | B22: 44562 | C22: 1 | D22: Jan | E22: Summer | F22: Sat | G22: 20 | H22: 4.223 | I22: 25.432 | J22: 0.1333 | K22: 7.051 | L22: =K22*Inputs!$B$5 -> 6.90998 | M22: =IF(AND(OR(C22=1,C22=2,C22=12),G22>=Inputs!$B$8,G22<=Inputs!$B$9,K22<=Inputs!$B$10),1,0) -> 0 | N22: =Inputs!$B$4 -> 54.992 | O22: =IF(M22=1,Inputs!$B$6,Inputs!$B$4) -> 54.992 | P22: =IF(M22=1,Inputs!$B$7,Inputs!$B$4) -> 54.992 | Q22: =MAX(0,Inputs!$B$4-O22) -> 0 | R22: =MAX(0,Inputs!$B$4-P22) -> 0
A23: 44562.875 | B23: 44562 | C23: 1 | D23: Jan | E23: Summer | F23: Sat | G23: 21 | H23: 4.223 | I23: 25.432 | J23: 0.2667 | K23: 9.879 | L23: =K23*Inputs!$B$5 -> 9.68142 | M23: =IF(AND(OR(C23=1,C23=2,C23=12),G23>=Inputs!$B$8,G23<=Inputs!$B$9,K23<=Inputs!$B$10),1,0) -> 0 | N23: =Inputs!$B$4 -> 54.992 | O23: =IF(M23=1,Inputs!$B$6,Inputs!$B$4) -> 54.992 | P23: =IF(M23=1,Inputs!$B$7,Inputs!$B$4) -> 54.992 | Q23: =MAX(0,Inputs!$B$4-O23) -> 0 | R23: =MAX(0,Inputs!$B$4-P23) -> 0
A24: 44562.917 | B24: 44562 | C24: 1 | D24: Jan | E24: Summer | F24: Sat | G24: 22 | H24: 4.223 | I24: 25.432 | J24: 0.5667 | K24: 16.241 | L24: =K24*Inputs!$B$5 -> 15.91618 | M24: =IF(AND(OR(C24=1,C24=2,C24=12),G24>=Inputs!$B$8,G24<=Inputs!$B$9,K24<=Inputs!$B$10),1,0) -> 0 | N24: =Inputs!$B$4 -> 54.992 | O24: =IF(M24=1,Inputs!$B$6,Inputs!$B$4) -> 54.992 | P24: =IF(M24=1,Inputs!$B$7,Inputs!$B$4) -> 54.992 | Q24: =MAX(0,Inputs!$B$4-O24) -> 0 | R24: =MAX(0,Inputs!$B$4-P24) -> 0
A25: 44562.958 | B25: 44562 | C25: 1 | D25: Jan | E25: Summer | F25: Sat | G25: 23 | H25: 4.223 | I25: 25.432 | J25: 0.8667 | K25: 22.604 | L25: =K25*Inputs!$B$5 -> 22.15192 | M25: =IF(AND(OR(C25=1,C25=2,C25=12),G25>=Inputs!$B$8,G25<=Inputs!$B$9,K25<=Inputs!$B$10),1,0) -> 0 | N25: =Inputs!$B$4 -> 54.992 | O25: =IF(M25=1,Inputs!$B$6,Inputs!$B$4) -> 54.992 | P25: =IF(M25=1,Inputs!$B$7,Inputs!$B$4) -> 54.992 | Q25: =MAX(0,Inputs!$B$4-O25) -> 0 | R25: =MAX(0,Inputs!$B$4-P25) -> 0
A26: 44563 | B26: 44563 | C26: 1 | D26: Jan | E26: Summer | F26: Sun | G26: 0 | H26: 5.104 | I26: 28.686 | J26: 0.3529 | K26: 13.427 | L26: =K26*Inputs!$B$5 -> 13.15846 | M26: =IF(AND(OR(C26=1,C26=2,C26=12),G26>=Inputs!$B$8,G26<=Inputs!$B$9,K26<=Inputs!$B$10),1,0) -> 0 | N26: =Inputs!$B$4 -> 54.992 | O26: =IF(M26=1,Inputs!$B$6,Inputs!$B$4) -> 54.992 | P26: =IF(M26=1,Inputs!$B$7,Inputs!$B$4) -> 54.992 | Q26: =MAX(0,Inputs!$B$4-O26) -> 0 | R26: =MAX(0,Inputs!$B$4-P26) -> 0
A27: 44563.042 | B27: 44563 | C27: 1 | D27: Jan | E27: Summer | F27: Sun | G27: 1 | H27: 5.104 | I27: 28.686 | J27: 0.5882 | K27: 18.976 | L27: =K27*Inputs!$B$5 -> 18.59648 | M27: =IF(AND(OR(C27=1,C27=2,C27=12),G27>=Inputs!$B$8,G27<=Inputs!$B$9,K27<=Inputs!$B$10),1,0) -> 0 | N27: =Inputs!$B$4 -> 54.992 | O27: =IF(M27=1,Inputs!$B$6,Inputs!$B$4) -> 54.992 | P27: =IF(M27=1,Inputs!$B$7,Inputs!$B$4) -> 54.992 | Q27: =MAX(0,Inputs!$B$4-O27) -> 0 | R27: =MAX(0,Inputs!$B$4-P27) -> 0
A28: 44563.083 | B28: 44563 | C28: 1 | D28: Jan | E28: Summer | F28: Sun | G28: 2 | H28: 5.104 | I28: 28.686 | J28: 0.8235 | K28: 24.524 | L28: =K28*Inputs!$B$5 -> 24.03352 | M28: =IF(AND(OR(C28=1,C28=2,C28=12),G28>=Inputs!$B$8,G28<=Inputs!$B$9,K28<=Inputs!$B$10),1,0) -> 0 | N28: =Inputs!$B$4 -> 54.992 | O28: =IF(M28=1,Inputs!$B$6,Inputs!$B$4) -> 54.992 | P28: =IF(M28=1,Inputs!$B$7,Inputs!$B$4) -> 54.992 | Q28: =MAX(0,Inputs!$B$4-O28) -> 0 | R28: =MAX(0,Inputs!$B$4-P28) -> 0
A29: 44563.125 | B29: 44563 | C29: 1 | D29: Jan | E29: Summer | F29: Sun | G29: 3 | H29: 5.104 | I29: 28.686 | J29: 0.9118 | K29: 26.605 | L29: =K29*Inputs!$B$5 -> 26.0729 | M29: =IF(AND(OR(C29=1,C29=2,C29=12),G29>=Inputs!$B$8,G29<=Inputs!$B$9,K29<=Inputs!$B$10),1,0) -> 0 | N29: =Inputs!$B$4 -> 54.992 | O29: =IF(M29=1,Inputs!$B$6,Inputs!$B$4) -> 54.992 | P29: =IF(M29=1,Inputs!$B$7,Inputs!$B$4) -> 54.992 | Q29: =MAX(0,Inputs!$B$4-O29) -> 0 | R29: =MAX(0,Inputs!$B$4-P29) -> 0
A30: 44563.167 | B30: 44563 | C30: 1 | D30: Jan | E30: Summer | F30: Sun | G30: 4 | H30: 5.104 | I30: 28.686 | J30: 1 | K30: 28.686 | L30: =K30*Inputs!$B$5 -> 28.11228 | M30: =IF(AND(OR(C30=1,C30=2,C30=12),G30>=Inputs!$B$8,G30<=Inputs!$B$9,K30<=Inputs!$B$10),1,0) -> 0 | N30: =Inputs!$B$4 -> 54.992 | O30: =IF(M30=1,Inputs!$B$6,Inputs!$B$4) -> 54.992 | P30: =IF(M30=1,Inputs!$B$7,Inputs!$B$4) -> 54.992 | Q30: =MAX(0,Inputs!$B$4-O30) -> 0 | R30: =MAX(0,Inputs!$B$4-P30) -> 0
... A8761: 44926.958 | B8761: 44926 | C8761: 12 | D8761: Dec | E8761: Summer | F8761: Sat | G8761: 23 | H8761: 4.643 | I8761: 22.719 | J8761: 0.8667 | K8761: 20.309 | L8761: =K8761*Inputs!$B$5 -> 19.90282 | M8761: =IF(AND(OR(C8761=1,C8761=2,C8761=12),G8761>=Inputs!$B$8,G8761<=Inputs!$B$9,K8761<=Inputs!$B$10),1,0) -> 0 | N8761: =Inputs!$B$4 -> 54.992 | O8761: =IF(M8761=1,Inputs!$B$6,Inputs!$B$4) -> 54.992 | P8761: =IF(M8761=1,Inputs!$B$7,Inputs!$B$4) -> 54.992 | Q8761: =MAX(0,Inputs!$B$4-O8761) -> 0 | R8761: =MAX(0,Inputs!$B$4-P8761) -> 0

Sheet Inputs
A1: Kaikohe 8760 reconstruction inputs
A3: Input | B3: Value | C3: Unit | D3: Comment
A4: PV AC plant size | B4: 54.992 | C4: MWac | D4: Used to set the normal SAM export limit. Change this if the PV AC plant size changes.
A5: Power factor used for MVA to MW | B5: 0.98 | C5: p.u. | D5: Approximation only. The supplied charts are in MVA, not MW.
A6: Moderate CA constrained export limit | B6: 45 | C6: MW | D6: Used during summer low load windows. Adjust to match the final Concept Assessment constraint.
A7: Severe sensitivity constrained export limit | B7: 35 | C7: MW | D7: Stress case for stronger summer congestion or tighter runback.
A8: Summer curtailment start hour | B8: 9 | C8: hour | D8: Inclusive hour. Used with Dec, Jan, Feb and the low-load threshold.
A9: Summer curtailment end hour | B9: 17 | C9: hour | D9: Inclusive hour.
A10: Low-load threshold | B10: 6 | C10: MVA | D10: Flag applies only when reconstructed Kaikohe load is at or below this threshold during summer solar hours.
A11: Year | B11: 2022 | C11: calendar year | D11: Non leap year gives exactly 8760 hourly records.
A14: Source and limitation
A15: Important: this workbook is a defensible synthetic reconstruction from the images provided in the chat. It is not raw Transpower or network company telemetry. Use it for SAM sensitivity testing, CA-style curtailment modelling, and thesis scenario construction, then replace it with official half-hourly GXP data if available.

Sheet Monthly_Checks
A1: Monthly reconstruction check
A3: Month No. | B3: Month | C3: Avg Load (MVA) | D3: Min Load (MVA) | E3: Max Load (MVA) | F3: Avg Daily Min (MVA) | G3: Avg Daily Max (MVA) | H3: Hours Flagged
A4: 1 | B4: Jan | C4: =AVERAGEIF(#REF!,A4,#REF!) -> #REF! | D4: =_xludf.minifs(#REF!,#REF!,A4) -> #NAME? | E4: =_xludf.maxifs(#REF!,#REF!,A4) -> #NAME? | F4: =AVERAGEIF(#REF!,A4,#REF!) -> #REF! | G4: =AVERAGEIF(#REF!,A4,#REF!) -> #REF! | H4: =SUMIFS(#REF!,#REF!,A4) -> #REF!
A5: 2 | B5: Feb | C5: =AVERAGEIF(#REF!,A5,#REF!) -> #REF! | D5: =_xludf.minifs(#REF!,#REF!,A5) -> #NAME? | E5: =_xludf.maxifs(#REF!,#REF!,A5) -> #NAME? | F5: =AVERAGEIF(#REF!,A5,#REF!) -> #REF! | G5: =AVERAGEIF(#REF!,A5,#REF!) -> #REF! | H5: =SUMIFS(#REF!,#REF!,A5) -> #REF!
A6: 3 | B6: Mar | C6: =AVERAGEIF(#REF!,A6,#REF!) -> #REF! | D6: =_xludf.minifs(#REF!,#REF!,A6) -> #NAME? | E6: =_xludf.maxifs(#REF!,#REF!,A6) -> #NAME? | F6: =AVERAGEIF(#REF!,A6,#REF!) -> #REF! | G6: =AVERAGEIF(#REF!,A6,#REF!) -> #REF! | H6: =SUMIFS(#REF!,#REF!,A6) -> #REF!
A7: 4 | B7: Apr | C7: =AVERAGEIF(#REF!,A7,#REF!) -> #REF! | D7: =_xludf.minifs(#REF!,#REF!,A7) -> #NAME? | E7: =_xludf.maxifs(#REF!,#REF!,A7) -> #NAME? | F7: =AVERAGEIF(#REF!,A7,#REF!) -> #REF! | G7: =AVERAGEIF(#REF!,A7,#REF!) -> #REF! | H7: =SUMIFS(#REF!,#REF!,A7) -> #REF!
A8: 5 | B8: May | C8: =AVERAGEIF(#REF!,A8,#REF!) -> #REF! | D8: =_xludf.minifs(#REF!,#REF!,A8) -> #NAME? | E8: =_xludf.maxifs(#REF!,#REF!,A8) -> #NAME? | F8: =AVERAGEIF(#REF!,A8,#REF!) -> #REF! | G8: =AVERAGEIF(#REF!,A8,#REF!) -> #REF! | H8: =SUMIFS(#REF!,#REF!,A8) -> #REF!
A9: 6 | B9: Jun | C9: =AVERAGEIF(#REF!,A9,#REF!) -> #REF! | D9: =_xludf.minifs(#REF!,#REF!,A9) -> #NAME? | E9: =_xludf.maxifs(#REF!,#REF!,A9) -> #NAME? | F9: =AVERAGEIF(#REF!,A9,#REF!) -> #REF! | G9: =AVERAGEIF(#REF!,A9,#REF!) -> #REF! | H9: =SUMIFS(#REF!,#REF!,A9) -> #REF!
A10: 7 | B10: Jul | C10: =AVERAGEIF(#REF!,A10,#REF!) -> #REF! | D10: =_xludf.minifs(#REF!,#REF!,A10) -> #NAME? | E10: =_xludf.maxifs(#REF!,#REF!,A10) -> #NAME? | F10: =AVERAGEIF(#REF!,A10,#REF!) -> #REF! | G10: =AVERAGEIF(#REF!,A10,#REF!) -> #REF! | H10: =SUMIFS(#REF!,#REF!,A10) -> #REF!
A11: 8 | B11: Aug | C11: =AVERAGEIF(#REF!,A11,#REF!) -> #REF! | D11: =_xludf.minifs(#REF!,#REF!,A11) -> #NAME? | E11: =_xludf.maxifs(#REF!,#REF!,A11) -> #NAME? | F11: =AVERAGEIF(#REF!,A11,#REF!) -> #REF! | G11: =AVERAGEIF(#REF!,A11,#REF!) -> #REF! | H11: =SUMIFS(#REF!,#REF!,A11) -> #REF!
A12: 9 | B12: Sep | C12: =AVERAGEIF(#REF!,A12,#REF!) -> #REF! | D12: =_xludf.minifs(#REF!,#REF!,A12) -> #NAME? | E12: =_xludf.maxifs(#REF!,#REF!,A12) -> #NAME? | F12: =AVERAGEIF(#REF!,A12,#REF!) -> #REF! | G12: =AVERAGEIF(#REF!,A12,#REF!) -> #REF! | H12: =SUMIFS(#REF!,#REF!,A12) -> #REF!
A13: 10 | B13: Oct | C13: =AVERAGEIF(#REF!,A13,#REF!) -> #REF! | D13: =_xludf.minifs(#REF!,#REF!,A13) -> #NAME? | E13: =_xludf.maxifs(#REF!,#REF!,A13) -> #NAME? | F13: =AVERAGEIF(#REF!,A13,#REF!) -> #REF! | G13: =AVERAGEIF(#REF!,A13,#REF!) -> #REF! | H13: =SUMIFS(#REF!,#REF!,A13) -> #REF!
A14: 11 | B14: Nov | C14: =AVERAGEIF(#REF!,A14,#REF!) -> #REF! | D14: =_xludf.minifs(#REF!,#REF!,A14) -> #NAME? | E14: =_xludf.maxifs(#REF!,#REF!,A14) -> #NAME? | F14: =AVERAGEIF(#REF!,A14,#REF!) -> #REF! | G14: =AVERAGEIF(#REF!,A14,#REF!) -> #REF! | H14: =SUMIFS(#REF!,#REF!,A14) -> #REF!
A15: 12 | B15: Dec | C15: =AVERAGEIF(#REF!,A15,#REF!) -> #REF! | D15: =_xludf.minifs(#REF!,#REF!,A15) -> #NAME? | E15: =_xludf.maxifs(#REF!,#REF!,A15) -> #NAME? | F15: =AVERAGEIF(#REF!,A15,#REF!) -> #REF! | G15: =AVERAGEIF(#REF!,A15,#REF!) -> #REF! | H15: =SUMIFS(#REF!,#REF!,A15) -> #REF!

Sheet Load_Duration
A1: Annual load duration data
A3: Rank | B3: Percentage of Time | C3: Load (MVA), Descending | D3: Load (MVA), Ascending
A4: 1 | B4: 0 | C4: 39.678 | D4: 0.758
A5: 11 | B5: 0.0011416828 | C5: 32.437 | D5: 1.163
A6: 21 | B6: 0.0022833657 | C6: 30.581 | D6: 1.269
A7: 31 | B7: 0.0034250485 | C7: 29.801 | D7: 1.424
A8: 41 | B8: 0.0045667314 | C8: 29.395 | D8: 1.481
A9: 51 | B9: 0.0057084142 | C9: 29.019 | D9: 1.566
A10: 61 | B10: 0.006850097 | C10: 28.771 | D10: 1.701
A11: 71 | B11: 0.0079917799 | C11: 28.493 | D11: 1.768
A12: 81 | B12: 0.0091334627 | C12: 28.336 | D12: 1.84
A13: 91 | B13: 0.010275146 | C13: 28.122 | D13: 1.873
A14: 101 | B14: 0.011416828 | C14: 28.04 | D14: 1.905
A15: 111 | B15: 0.012558511 | C15: 27.942 | D15: 1.993
... A880: 8760 | B880: 1 | C880: 0.758 | D880: 39.678

Sheet SAM_Export_Limits
A1: SAM-ready export limit series
A3: Timestamp | B3: Unconstrained Limit (MW) | C3: CA Moderate Limit (MW) | D3: CA Severe Limit (MW) | E3: Flag | F3: Comment
A4: ='8760_Profile'!A2 -> 44562 | B4: ='8760_Profile'!N2 -> 54.992 | C4: ='8760_Profile'!O2 -> 54.992 | D4: ='8760_Profile'!P2 -> 54.992 | E4: ='8760_Profile'!M2 -> 0 | F4: =IF(E4=1,"Summer low-load CA constraint window","Normal export window") -> Normal export window
A5: ='8760_Profile'!A3 -> 44562.042 | B5: ='8760_Profile'!N3 -> 54.992 | C5: ='8760_Profile'!O3 -> 54.992 | D5: ='8760_Profile'!P3 -> 54.992 | E5: ='8760_Profile'!M3 -> 0 | F5: =IF(E5=1,"Summer low-load CA constraint window","Normal export window") -> Normal export window
A6: ='8760_Profile'!A4 -> 44562.083 | B6: ='8760_Profile'!N4 -> 54.992 | C6: ='8760_Profile'!O4 -> 54.992 | D6: ='8760_Profile'!P4 -> 54.992 | E6: ='8760_Profile'!M4 -> 0 | F6: =IF(E6=1,"Summer low-load CA constraint window","Normal export window") -> Normal export window
A7: ='8760_Profile'!A5 -> 44562.125 | B7: ='8760_Profile'!N5 -> 54.992 | C7: ='8760_Profile'!O5 -> 54.992 | D7: ='8760_Profile'!P5 -> 54.992 | E7: ='8760_Profile'!M5 -> 0 | F7: =IF(E7=1,"Summer low-load CA constraint window","Normal export window") -> Normal export window
A8: ='8760_Profile'!A6 -> 44562.167 | B8: ='8760_Profile'!N6 -> 54.992 | C8: ='8760_Profile'!O6 -> 54.992 | D8: ='8760_Profile'!P6 -> 54.992 | E8: ='8760_Profile'!M6 -> 0 | F8: =IF(E8=1,"Summer low-load CA constraint window","Normal export window") -> Normal export window
A9: ='8760_Profile'!A7 -> 44562.208 | B9: ='8760_Profile'!N7 -> 54.992 | C9: ='8760_Profile'!O7 -> 54.992 | D9: ='8760_Profile'!P7 -> 54.992 | E9: ='8760_Profile'!M7 -> 0 | F9: =IF(E9=1,"Summer low-load CA constraint window","Normal export window") -> Normal export window
A10: ='8760_Profile'!A8 -> 44562.25 | B10: ='8760_Profile'!N8 -> 54.992 | C10: ='8760_Profile'!O8 -> 54.992 | D10: ='8760_Profile'!P8 -> 54.992 | E10: ='8760_Profile'!M8 -> 0 | F10: =IF(E10=1,"Summer low-load CA constraint window","Normal export window") -> Normal export window
A11: ='8760_Profile'!A9 -> 44562.292 | B11: ='8760_Profile'!N9 -> 54.992 | C11: ='8760_Profile'!O9 -> 54.992 | D11: ='8760_Profile'!P9 -> 54.992 | E11: ='8760_Profile'!M9 -> 0 | F11: =IF(E11=1,"Summer low-load CA constraint window","Normal export window") -> Normal export window
A12: ='8760_Profile'!A10 -> 44562.333 | B12: ='8760_Profile'!N10 -> 54.992 | C12: ='8760_Profile'!O10 -> 54.992 | D12: ='8760_Profile'!P10 -> 54.992 | E12: ='8760_Profile'!M10 -> 0 | F12: =IF(E12=1,"Summer low-load CA constraint window","Normal export window") -> Normal export window
A13: ='8760_Profile'!A11 -> 44562.375 | B13: ='8760_Profile'!N11 -> 54.992 | C13: ='8760_Profile'!O11 -> 54.992 | D13: ='8760_Profile'!P11 -> 54.992 | E13: ='8760_Profile'!M11 -> 0 | F13: =IF(E13=1,"Summer low-load CA constraint window","Normal export window") -> Normal export window
A14: ='8760_Profile'!A12 -> 44562.417 | B14: ='8760_Profile'!N12 -> 54.992 | C14: ='8760_Profile'!O12 -> 45 | D14: ='8760_Profile'!P12 -> 35 | E14: ='8760_Profile'!M12 -> 1 | F14: =IF(E14=1,"Summer low-load CA constraint window","Normal export window") -> Summer low-load CA constraint window
A15: ='8760_Profile'!A13 -> 44562.458 | B15: ='8760_Profile'!N13 -> 54.992 | C15: ='8760_Profile'!O13 -> 45 | D15: ='8760_Profile'!P13 -> 35 | E15: ='8760_Profile'!M13 -> 1 | F15: =IF(E15=1,"Summer low-load CA constraint window","Normal export window") -> Summer low-load CA constraint window
... A8763: ='8760_Profile'!A8761 -> 44926.958 | B8763: ='8760_Profile'!N8761 -> 54.992 | C8763: ='8760_Profile'!O8761 -> 54.992 | D8763: ='8760_Profile'!P8761 -> 54.992 | E8763: ='8760_Profile'!M8761 -> 0 | F8763: =IF(E8763=1,"Summer low-load CA constraint window","Normal export window") -> Normal export window

Sheet Method
A1: Reconstruction method
A3: Step | B3: Method
A4: 1 | B4: The supplied CA figures show Kaikohe GXP apparent power in MVA, including daily minimum and maximum, seasonal weekday profiles, half-hourly annual loading, and a load duration curve.
A5: 2 | B5: Because no raw half-hourly dataset was supplied, the workbook reconstructs a synthetic 8760 hourly profile by combining visually inferred monthly min/max levels with normalized seasonal day-type shapes.
A6: 3 | B6: Each day receives a daily minimum and maximum. The hourly shape index then scales between those values, preserving the low summer daytime loading periods shown in February and the winter/shoulder morning and evening peaks.
A7: 4 | B7: The October high-loading event and November lower-loading period visible in the annual charts are included as deterministic adjustments.
A8: 5 | B8: For SAM, the workbook translates the reconstructed load into hourly export-limit scenarios. The unconstrained case uses the full AC plant capacity. The moderate and severe CA cases apply lower export caps only during flagged summer low-load solar hours.
A9: 6 | B9: The profile should be treated as a sensitivity-testing input for SAM, not a substitute for official GXP telemetry.

Sheet Chart_Summary
A1: Kaikohe GXP reconstructed 8760 profile charts
A3: Charts reference the generated 8760 table and are intended for visual QA.
